{"vertices":[-4.355772,0.686142,0.518255,-4.359692,0.666534,0.541783,-4.344006,0.666535,0.50649,-3.967531,0.646951,-0.022895,-3.979297,0.674401,-0.026817,-3.994982,0.662636,-0.042502,-4.394986,0.666533,0.510411,-4.371458,0.686142,0.522176,-4.371457,0.666534,0.510411,-4.371457,0.666534,0.526097,-4.371456,0.658691,0.518254,-4.40283,0.68614,0.526097,-4.849887,0.744946,-0.030744,-4.857731,0.760632,-0.018979,-4.85773,0.748867,-0.022901,-4.857731,0.752789,-0.007215,-4.85773,0.741024,-0.011137,-4.85773,0.737102,-0.022901,-4.85773,0.741024,-0.030744,-4.826359,0.760633,-0.022901,-4.759692,0.752793,0.059449,-4.771458,0.760635,0.079056,-4.791065,0.764556,0.055528],"indices":[0,1,2,3,5,4,6,7,8,7,9,8,8,9,10,6,11,7,12,14,13,13,14,15,14,16,15,16,14,17,14,18,17,13,19,12,20,22,21],"texels":[0.0625,0.035156,0.058594,0.003906,0.035156,0.035156,0.027344,0.003906,0.03125,0.035156,0.003906,0.035156,0.175781,0.011719,0.152344,0.035156,0.175781,0.035156,0.175781,0.035156,0.175781,0.035156,0.152344,0.003906,0.101562,0.035156,0.121094,0.023438,0.113281,0.035156,0.121094,0.023438,0.121094,0.023438,0.113281,0.035156,0.113281,0.035156,0.09375,0.003906,0.148438,0.035156,0.125,0.035156,0.132812,0.003906],"texture":"moraviancampus-00230-texture.png"}