{"vertices":[-3.34239,0.633202,0.585084,-3.332587,0.643006,0.57136,-3.334548,0.641045,0.590967,-3.28749,0.678302,0.567439,-3.289451,0.684184,0.581164,-3.301216,0.690066,0.573321,-3.279647,0.705754,0.473325,-3.277686,0.713597,0.473325,-3.279647,0.701833,0.465482,-3.271804,0.709676,0.457639,-3.373764,0.709673,0.439992,-3.367882,0.721437,0.447835,-3.379647,0.727319,0.439992,-3.371804,0.727319,0.467442,-3.369843,0.713594,0.469403,-3.379647,0.719476,0.455678,-3.362,0.733202,0.449796,-3.367882,0.72732,0.436071,-3.362,0.739085,0.43411,-3.232589,0.733207,0.43019,-3.246314,0.737128,0.432151,-3.238471,0.727325,0.420386,-3.248275,0.727324,0.420386,-3.240432,0.727324,0.426268,-3.244353,0.727324,0.426268,-3.238471,0.721442,0.420386,-3.248275,0.721442,0.420386],"indices":[0,1,2,3,5,4,6,7,8,7,9,8,10,11,12,13,15,14,16,18,17,19,21,20,20,21,22,21,23,22,22,23,24,25,26,21],"texels":[0.027344,0.039062,0.015625,0.003906,0.003906,0.039062,0.160156,0.035156,0.128906,0.035156,0.136719,0.003906,0.039062,0.039062,0.054688,0.039062,0.03125,0.023438,0.050781,0.003906,0.101562,0.003906,0.09375,0.035156,0.125,0.035156,0.222656,0.035156,0.195312,0.035156,0.210938,0.003906,0.179688,0.003906,0.191406,0.035156,0.164062,0.035156,0.058594,0.011719,0.085938,0.003906,0.070312,0.035156,0.089844,0.035156,0.070312,0.035156,0.089844,0.035156,0.070312,0.035156,0.089844,0.035156],"texture":"moravian3-00166-texture.png"}