{"vertices":[-2.954204,0.527293,2.824535,-2.960085,0.521411,2.806888,-2.956163,0.503764,2.820612,-2.93656,0.531211,2.922571,-2.946364,0.517485,2.92257,-2.946363,0.52729,2.902964,-2.946366,0.570425,2.948062,-2.964014,0.582189,2.948062,-2.95225,0.588072,2.951984,-2.956172,0.591992,2.96767,-2.95225,0.588072,2.951984,-2.948329,0.60964,2.953946,-2.948329,0.60964,2.953946,-2.956172,0.591992,2.96767,-2.942447,0.601797,2.971592,-3.118918,0.697871,2.91669,-3.124801,0.705714,2.914729,-3.120878,0.691989,2.902964,-3.130683,0.709635,2.910808,-3.313038,0.495893,3.169607,-3.309116,0.495893,3.173528,-3.309116,0.497854,3.173528,-3.303234,0.495893,3.173528,-3.303234,0.497854,3.173528,-3.303234,0.499815,3.173528,-3.305195,0.501776,3.173528,-3.309117,0.507658,3.173529,-3.313038,0.503736,3.173528,-3.311077,0.507658,3.173529,-3.314999,0.511579,3.173529,-3.320881,0.507657,3.173528,-3.320881,0.507658,3.167646,-3.324802,0.495893,3.161763,-3.309116,0.495894,3.163725,-3.31892,0.495893,3.157842,-3.17578,0.513549,3.077459,-3.181662,0.499823,3.081379,-3.193427,0.495901,3.077457,-3.181662,0.495901,3.08334,-3.195388,0.495901,3.083339,-3.187545,0.495901,3.087261,-3.346369,0.580211,3.032359,-3.367937,0.576289,3.028436,-3.362056,0.584132,3.044123,-3.326763,0.611584,3.048047,-3.346371,0.625308,3.05785,-3.342449,0.613544,3.040203,-3.305194,0.495893,3.169607,-3.309116,0.495893,3.165685,-3.205187,0.513554,2.928443,-3.226756,0.523357,2.934325,-3.197344,0.523358,2.944129,-3.220874,0.5312,2.940207,-3.175781,0.633161,2.973546,-3.167937,0.611592,2.977467,-3.191467,0.623356,2.975505,-3.22088,0.670414,2.981389,-3.240488,0.670413,2.973545,-3.22284,0.650806,2.979427],"indices":[0,1,2,3,5,4,6,7,8,9,11,10,12,13,14,15,17,16,16,17,18,19,20,21,20,22,21,21,22,23,23,24,21,21,24,25,25,26,21,21,26,27,26,28,27,27,28,29,29,30,27,27,30,31,31,21,27,21,31,19,31,32,19,19,32,33,32,34,33,35,36,37,36,38,37,37,38,39,38,40,39,41,42,43,44,46,45,20,19,47,47,19,48,19,33,48,49,51,50,50,51,52,53,55,54,56,57,58],"texels":[0.128906,0.046875,0.167969,0.046875,0.152344,0.003906,0.355469,0.042969,0.320312,0.042969,0.335938,0.003906,0.457031,0.003906,0.4375,0.042969,0.464844,0.042969,0.273438,0.046875,0.242188,0.046875,0.253906,0.003906,0.386719,0.003906,0.359375,0.042969,0.394531,0.042969,0.542969,0.03125,0.523438,0.039062,0.53125,0.003906,0.507812,0.039062,0.171875,0.035156,0.171875,0.046875,0.175781,0.046875,0.171875,0.046875,0.175781,0.046875,0.175781,0.046875,0.175781,0.046875,0.191406,0.039062,0.191406,0.039062,0.207031,0.027344,0.207031,0.027344,0.207031,0.027344,0.199219,0.019531,0.171875,0.003906,0.171875,0.035156,0.171875,0.003906,0.277344,0.042969,0.308594,0.03125,0.3125,0.003906,0.316406,0.03125,0.3125,0.003906,0.316406,0.03125,0.421875,0.003906,0.398438,0.042969,0.433594,0.042969,0.203125,0.046875,0.230469,0.003906,0.238281,0.046875,0.171875,0.046875,0.171875,0.035156,0.042969,0.003906,0.042969,0.050781,0.003906,0.003906,0.019531,0.050781,0.046875,0.050781,0.058594,0.003906,0.082031,0.050781,0.125,0.046875,0.121094,0.003906,0.085938,0.046875],"texture":"moraviancampus-00111-texture.png"}