{"vertices":[-2.477837,0.592048,1.552705,-2.466072,0.572441,1.544862,-2.462151,0.594009,1.556627,-2.503331,0.631259,1.693877,-2.517057,0.619494,1.693877,-2.505292,0.621456,1.676231,-2.491568,0.646945,1.705642,-2.487646,0.65871,1.705643,-2.487646,0.641063,1.705642,-2.481764,0.65675,1.705643,-2.487646,0.65871,1.691918,-2.483725,0.660671,1.701722,-2.479803,0.65871,1.705643,-2.483725,0.662632,1.705643,-2.481764,0.662632,1.705643,-2.485686,0.660671,1.705643,-2.475873,0.554796,1.440942,-2.49352,0.543031,1.444863,-2.483716,0.546953,1.421335,-2.485677,0.637151,1.342908,-2.493521,0.650876,1.34879,-2.489599,0.633229,1.337026,-2.495481,0.637151,1.337026,-2.495481,0.631268,1.337025,-2.499403,0.633229,1.337025,-2.501364,0.63715,1.337025,-2.748426,0.523409,1.705634,-2.748426,0.531252,1.705634,-2.750387,0.527331,1.684066,-2.750387,0.535173,1.705634,-2.752348,0.535174,1.69387,-2.760191,0.537134,1.686027,-2.832741,0.593995,1.674263,-2.817055,0.609682,1.66642,-2.834702,0.611642,1.672302,-2.795487,0.629291,1.660539,-2.7798,0.615565,1.668382,-2.791566,0.631251,1.666421,-2.791566,0.633212,1.676225,-2.752347,0.519487,1.705634,-2.754308,0.523409,1.705634,-2.754309,0.529291,1.705634,-2.756269,0.533212,1.705634,-2.75627,0.537134,1.705634,-2.683716,0.607732,1.384078,-2.689599,0.621457,1.388,-2.701363,0.605771,1.376235,-2.689599,0.621457,1.388,-2.697442,0.615575,1.397803,-2.695482,0.631261,1.382118,-2.711168,0.623417,1.391921,-2.740579,0.633222,1.354667,-2.760187,0.637143,1.344863,-2.746461,0.621457,1.344863,-2.528816,0.52734,1.566427,-2.546463,0.525379,1.57623,-2.540581,0.541065,1.572309,-2.532737,0.535184,1.52133,-2.542541,0.531262,1.537016,-2.528815,0.52538,1.537016,-2.724896,0.537137,1.629167,-2.717052,0.525372,1.637009,-2.722934,0.525373,1.613481,-2.826854,0.527332,1.535049,-2.832736,0.527333,1.521324,-2.848423,0.525371,1.533088,-2.848422,0.529293,1.523285,-2.679797,0.535178,1.603678,-2.68764,0.533217,1.621324,-2.677837,0.533217,1.627207,-2.844501,0.54694,1.515442,-2.826854,0.543019,1.521325,-2.848423,0.531254,1.521324,-2.830775,0.535176,1.521324,-2.844501,0.527332,1.521324,-2.830774,0.552825,1.440935,-2.842539,0.535177,1.442895,-2.817049,0.5391,1.440935,-2.758223,0.537143,1.356625,-2.760184,0.537143,1.337018,-2.740576,0.537144,1.337018,-2.760184,0.531261,1.337018,-2.740576,0.531261,1.337018,-2.738615,0.531261,1.337018],"indices":[0,1,2,3,5,4,6,8,7,7,8,9,8,10,9,9,10,11,11,12,9,9,12,13,12,14,13,7,9,15,9,13,15,16,18,17,19,21,20,20,21,22,21,23,22,22,23,24,24,25,22,26,28,27,27,28,29,28,30,29,30,28,31,32,34,33,35,36,37,36,38,37,39,26,40,26,41,40,41,26,27,27,29,41,41,29,42,29,43,42,44,46,45,47,48,49,48,50,49,51,52,53,54,56,55,57,58,59,60,62,61,63,64,65,64,66,65,67,68,69,70,72,71,71,72,73,72,74,73,75,76,77,78,80,79,79,80,81,80,82,81],"texels":[0.035156,0.050781,0.019531,0.003906,0.003906,0.050781,0.394531,0.042969,0.359375,0.042969,0.378906,0.003906,0.320312,0.042969,0.285156,0.035156,0.320312,0.042969,0.285156,0.035156,0.292969,0.003906,0.28125,0.023438,0.28125,0.035156,0.285156,0.035156,0.28125,0.035156,0.285156,0.035156,0.082031,0.046875,0.039062,0.046875,0.066406,0.003906,0.6875,0.023438,0.71875,0.003906,0.691406,0.039062,0.707031,0.039062,0.707031,0.039062,0.707031,0.039062,0.707031,0.039062,0.164062,0.046875,0.148438,0.046875,0.152344,0.003906,0.136719,0.046875,0.136719,0.023438,0.125,0.003906,0.574219,0.039062,0.601562,0.003906,0.609375,0.039062,0.203125,0.042969,0.179688,0.003906,0.1875,0.042969,0.167969,0.046875,0.164062,0.046875,0.148438,0.046875,0.148438,0.046875,0.136719,0.046875,0.136719,0.046875,0.46875,0.042969,0.4375,0.042969,0.460938,0.003906,0.347656,0.042969,0.359375,0.015625,0.324219,0.042969,0.328125,0.003906,0.539062,0.042969,0.519531,0.003906,0.507812,0.042969,0.628906,0.003906,0.648438,0.039062,0.613281,0.039062,0.667969,0.003906,0.652344,0.039062,0.683594,0.039062,0.503906,0.042969,0.472656,0.042969,0.5,0.003906,0.234375,0.003906,0.207031,0.015625,0.230469,0.046875,0.210938,0.046875,0.542969,0.003906,0.546875,0.042969,0.570312,0.042969,0.398438,0.042969,0.402344,0.003906,0.433594,0.042969,0.402344,0.003906,0.433594,0.042969,0.125,0.046875,0.117188,0.003906,0.085938,0.046875,0.273438,0.003906,0.277344,0.042969,0.238281,0.042969,0.277344,0.042969,0.238281,0.042969],"texture":"moravian3-00104-texture.png"}