{"vertices":[-2.464121,0.492069,2.07066,-2.432749,0.49207,2.072621,-2.477846,0.492068,2.07262,-2.432748,0.486187,2.072621,-2.477846,0.486186,2.07262,-2.532748,0.497949,2.072619,-2.532748,0.497949,2.070658,-2.534709,0.497949,2.072619,-2.432748,0.486187,2.07066,-2.432749,0.49207,2.072621,-2.432748,0.49207,2.051053,-2.432748,0.497953,2.051054,-2.464121,0.492069,2.07066,-2.448434,0.497952,2.051053,-2.446473,0.497952,2.049092,-2.450395,0.497952,2.045171,-2.448434,0.497952,2.04321,-2.446473,0.497952,2.04321,-2.432748,0.497953,2.043211,-2.432748,0.497953,2.049093,-2.426866,0.497953,2.049093,-2.426866,0.497953,2.051054,-2.534708,0.488145,2.072618,-2.530787,0.490106,2.072619,-2.534708,0.494028,2.072619,-2.534708,0.494028,2.072619,-2.528826,0.494028,2.072619,-2.593532,0.492065,2.072617,-2.593532,0.497947,2.072617,-2.583728,0.492065,2.072618,-2.583728,0.497948,2.072618,-2.558238,0.488145,2.072618,-2.558238,0.494027,2.072618,-2.534708,0.488145,2.072618,-2.534708,0.494028,2.072619,-2.524904,0.495989,2.062815,-2.585688,0.497948,2.056932,-2.517061,0.49795,2.054973,-2.530787,0.49795,2.053012,-2.599414,0.497948,2.056931,-2.599413,0.497948,2.051049,-2.530787,0.49795,2.04713,-2.595492,0.497948,2.064775,-2.599414,0.497947,2.072617,-2.599414,0.497947,2.074578,-2.597453,0.497947,2.076539,-2.593532,0.497947,2.0785,-2.583728,0.497948,2.0785,-2.432748,0.49207,2.049093,-2.526865,0.494028,2.072619,-2.526865,0.497949,2.072619,-2.524905,0.497949,2.072619,-2.524904,0.495989,2.062815,-2.526865,0.49795,2.064776,-2.530787,0.497949,2.072619,-2.528826,0.497949,2.072619,-2.534709,0.497949,2.072619,-2.532748,0.497949,2.072619,-2.532748,0.497949,2.070658,-2.524904,0.495989,2.062815,-2.526865,0.49795,2.064776,-2.530787,0.497949,2.072619,-2.524905,0.497949,2.078501,-2.526866,0.497949,2.078501,-2.530787,0.497949,2.07654,-2.532748,0.497949,2.072619,-2.601374,0.497948,2.051049,-2.642551,0.497946,2.066734,-2.599414,0.497948,2.056931,-2.64059,0.497946,2.072616,-2.585688,0.497948,2.056932,-2.595492,0.497948,2.064775,-2.599414,0.497947,2.072617,-2.64059,0.497946,2.078498,-2.646472,0.497946,2.074577,-2.601374,0.497948,2.051049,-2.450395,0.497952,2.045171,-2.530787,0.49795,2.04713,-2.448434,0.497952,2.051053,-2.530787,0.49795,2.053012,-2.517061,0.49795,2.054973,-2.464121,0.492069,2.07066,-2.522944,0.494028,2.072619,-2.477846,0.492068,2.07262,-2.477846,0.486186,2.07262,-2.522944,0.488146,2.072619,-2.526865,0.488145,2.072619,-2.528826,0.492067,2.072619,-2.428827,0.497953,2.045171],"indices":[0,2,1,1,2,3,2,4,3,5,6,7,8,10,9,9,10,11,11,12,9,12,11,13,11,14,13,13,14,15,14,16,15,16,14,17,14,18,17,18,14,19,14,11,19,19,11,20,11,21,20,22,23,24,25,23,26,27,29,28,28,29,30,29,31,30,30,31,32,31,33,32,32,33,34,34,35,32,32,35,36,35,37,36,36,37,38,38,39,36,39,38,40,38,41,40,32,36,30,36,42,30,30,42,28,42,43,28,28,43,44,44,45,28,28,45,46,46,30,28,30,46,47,48,19,10,10,19,11,49,51,50,50,51,52,52,53,50,50,53,54,55,56,26,56,24,26,24,56,57,56,58,57,57,58,25,58,59,25,59,58,60,58,61,60,62,51,63,51,50,63,63,50,64,50,65,64,66,67,68,67,69,68,68,69,70,69,71,70,71,69,72,69,73,72,73,69,74,69,67,74,40,75,39,76,77,78,77,79,78,78,79,80,80,52,78,78,52,81,52,82,81,81,82,83,82,84,83,84,82,85,82,86,85,86,82,87,82,51,87,51,82,52,20,88,19,19,88,18],"texels":[0.496094,0.015625,0.433594,0.003906,0.523438,0.015625,0.433594,0.003906,0.523438,0.015625,0.007812,0.007812,0.007812,0.003906,0.003906,0.007812,0.5625,0.066406,0.5625,0.066406,0.605469,0.066406,0.605469,0.066406,0.566406,0.003906,0.605469,0.035156,0.609375,0.039062,0.605469,0.035156,0.609375,0.039062,0.609375,0.039062,0.609375,0.066406,0.609375,0.066406,0.609375,0.066406,0.605469,0.066406,0.621094,0.035156,0.609375,0.027344,0.621094,0.035156,0.609375,0.027344,0.621094,0.035156,0.183594,0.042969,0.183594,0.042969,0.203125,0.042969,0.203125,0.042969,0.253906,0.042969,0.253906,0.042969,0.300781,0.042969,0.300781,0.042969,0.320312,0.023438,0.199219,0.011719,0.335938,0.007812,0.308594,0.003906,0.171875,0.011719,0.171875,0.011719,0.308594,0.003906,0.179688,0.027344,0.183594,0.042969,0.183594,0.042969,0.183594,0.042969,0.183594,0.042969,0.203125,0.042969,0.609375,0.066406,0.019531,0.078125,0.015625,0.078125,0.019531,0.078125,0.019531,0.058594,0.015625,0.0625,0.015625,0.078125,0.621094,0.027344,0.621094,0.027344,0.617188,0.027344,0.617188,0.023438,0.617188,0.003906,0.621094,0.007812,0.621094,0.007812,0.019531,0.078125,0.015625,0.078125,0.015625,0.078125,0.015625,0.078125,0.347656,0.035156,0.429688,0.003906,0.347656,0.035156,0.429688,0.003906,0.320312,0.035156,0.339844,0.019531,0.339844,0.019531,0.429688,0.003906,0.429688,0.003906,0.171875,0.011719,0.167969,0.003906,0.003906,0.039062,0.167969,0.003906,0.003906,0.039062,0.03125,0.039062,0.144531,0.050781,0.027344,0.078125,0.117188,0.058594,0.117188,0.058594,0.027344,0.078125,0.027344,0.078125,0.027344,0.078125,0.609375,0.066406],"texture":"moravian3-00112-texture.png"}